title,bids,link
,,https://ebay.com/itm/123456?hash=item28caef0a3a:g:E3kAAOSwlGJiMikD&amdata=enc%3AAQAHAAAAsJoWXGf0hxNZspTmhb8%2FTJCCurAWCHuXJ2Xi3S9cwXL6BX04zSEiVaDMCvsUbApftgXEAHGJU1ZGugZO%2FnW1U7Gb6vgoL%2BmXlqCbLkwoZfF3AUAK8YvJ5B4%2BnhFA7ID4dxpYs4jjExEnN5SR2g1mQe7QtLkmGt%2FZ%2FbH2W62cXPuKbf550ExbnBPO2QJyZTXYCuw5KVkMdFMDuoB4p3FwJKcSPzez5kyQyVjyiIq6PB2q%7Ctkp%3ABlBMULq7kqyXYA
,"<span class=""s-item__bids s-item__bidCount"">19 bids</span>",https://www.ebay.com/itm/314166035962?epid=22030522571&hash=item4925c145fa:g:GyoAAOSw7xBjKMVU&amdata=enc%3AAQAHAAAAoN0NshfgIamWtTxf3pjiBxk0hMgJG50oXjHTZC0TPde7Q%2BOWJ0D041%2FJRZSEftPg2qM4spWjgNUk7VjvqVhlgPVxzMjqN0kTTRbDofZjJa3uACJlCKsN%2FNOzVLg%2BUq%2FixdBLmOX%2FTgZtJlNGVdtaMeJutb4bJlBUJc7XBPl5w2jXnblMKX8zw5nTr38%2FNYwHseAQiDAuINrvT4ipO4wlpVk%3D%7Ctkp%3ABk9SR46MhevyYA
,,https://www.ebay.com/itm/234713312964?epid=19031091268&hash=item36a600eec4:g:tuoAAOSwF09jNRq2&amdata=enc%3AAQAHAAAAoNerOg%2BLyDcWNZq4Hth9vYX1mXmJkaql7bNMS%2FiYMmEKpKTTeLAwujcRx%2FO6SIXj%2FJrattaKWy%2BUHo%2F3DKhP2LMaNNaBuwLDfQbkz8eEbRPu32blPjihmDdgJjOAT%2FlHOCPsig%2BLUCagfmW2YE7a2kJ6kY7jsXMxyNSZJyBsfW9Jw3ybdP8RTFufrP1iErkn8wWQ3rLRvixSxme7C2Lrq64%3D%7Ctkp%3ABk9SR46MhevyYA
,,https://www.ebay.com/itm/265911189198?hash=item3de98abece:g:AlgAAOSwx~FjNsmc&amdata=enc%3AAQAHAAAAoDQID3Fj93jnHgWfg%2F33WwGywOK4FHsr63y%2FCDU8lC6uXVD2Hkruy18JORym7PgbG%2BPMY6pXdkleqzJi1qsmPAOmZdF6T8B5AibfkXXy9q5FGXln%2Bq%2BNdMmlixqCAZycnDww8xmetouwJCllQPSlP2DEFYJHPXmHeXjTLt00UX9F2f1%2Bf856Bq7PyoOAk%2FFyad%2FQPJAKRy%2BKLWeZu7XDBTA%3D%7Ctkp%3ABk9SR46MhevyYA
,,https://www.ebay.com/itm/275482068980?epid=22030522571&hash=item402402c7f4:g:ASkAAOSwHJNjN4x9&amdata=enc%3AAQAHAAAAoHWdnDGM7kxI%2F5Vdql20bB1GPVkahXN0qulTFci3w8O%2BkYAwkUOiU7LxfccD1SnHIVtppJ29EfLG6I7KhPfwklHjgJqK9lv1UgOGWQMeJsC3euNCi5QlR%2FxHGDxgnHQHRNPtEgzYC9BOFupR79a%2BO3ywCUI%2FHIXNW8cVusTecIFx8jkLs1MbXile4Pxf6%2Ba7DiQDbBy4I3hn1WFd727hVVo%3D%7Ctkp%3ABk9SR46MhevyYA
,,https://www.ebay.com/itm/293804955893?hash=item446823d8f5:g:LvIAAOSwui1hnauV&amdata=enc%3AAQAHAAAA4NgYEobVNZtEi67EkG3D%2BCoce9B18OJR%2Fc7GTwSWKB0JvSUahGiTF%2FzmOCIif8vBARNLFS8SHDG4TBMHujbmG1y06icwikyHaD9QzSQ%2FaKCZbuule8LyKXk%2Ba71fC5GUBoYHtGV%2BJsMweXiNl1uMEUrFKJrCSInsJjN58pP1bLDkw5OUBH83yrGcHTuKHKMBYr4ut0bXR6f1Yr%2FsO1M%2FEfhHZocmgmdaXJusao6ZDGm2Q9f9ha0qMb8CPZdhQcCEnByHbu5M8p1Oo9mX9QEz1Md3p0asojfdrIyzp4EtvVBG%7Ctkp%3ABk9SR46MhevyYA
,,https://www.ebay.com/itm/385125168287?epid=12034560649&hash=item59ab3fb49f:g:aLIAAOSwbaVjI3wO&amdata=enc%3AAQAHAAAAoG6QPW8%2FKPVeK015szpz5ZNRdG9aoxiD0zPjmVbzNJij5BeRgc1h2%2FDGIyV4SOs0%2BshRs4OlaTlfNVenPAGLi1UHdd6gLxhzwK2uhFFZx3B8qwX5WSB6Bo%2FBejuuthlu4VZ0%2Btfb5gYLnGcU0HZaWGccJkznGAZ1V4glcMcIppb65YA9F4tmQxb5TwpMD95HWeyjQQPAejJvb0Datfad58I%3D%7Ctkp%3ABk9SR46MhevyYA
,,https://www.ebay.com/itm/183948815871?hash=item2ad4342dff:g:R4IAAOSwMspdd9N5&amdata=enc%3AAQAHAAAAoHW26XfA0aw1sYHIb9kvLxxBXKCKeOZC1yvyUwM8y1fV1Jfr9zxduSMaFynSUPwiy01unfmFdAxruQm6AxglbVOJ6C5xklOWTaXk%2FPdApSR9osO5JBBg1vDNaAlJvW7j9vzfpg7DzcwC6hhymq02VyEndXKYvMgAIu1Qp8EXLmvDVhZALwlpxp8EUTTnHS2cT%2F00sLaLM6NfqiiWhnj0Vvs%3D%7Ctkp%3ABk9SR46MhevyYA
,,https://www.ebay.com/itm/231179924644?epid=1229119681&hash=item35d365b4a4:g:CYoAAOSwlV9WThBV&amdata=enc%3AAQAHAAAA4BVUT9Nd%2BFzDkm5dLJ8%2F%2B%2Bll10rj1jwpTuOaZ7Hj%2F%2BXv%2BH93mzv4IOhiE8o5OL%2FsC5CcrS8HvYdCLa4G%2BYAFk9c0Gkshpl9ZYOF4hPln9xPXpRETBLajKaa5F1uCBQoDnYl9zNT2SZmJpJhTWsJxzerdP%2BfAYCMZvnDe%2FV5qJIVS7TooDaNZssrB9WYEzCbz1BnVXyljBwB2tyui9YqUoVSdH%2FWY8YQetUoUAs4c7P2hx6EHjXXSBZxdsmqCezAJjDFCCku3Dj4MOTrRFfHjENh%2BM4g2qvmRTXxBkF%2B79sn2%7Ctkp%3ABk9SR5CMhevyYA
,,https://www.ebay.com/itm/204072562392?epid=19031091268&hash=item2f83ac2ed8:g:OlQAAOSw2eFi~~A~&amdata=enc%3AAQAHAAAA4OTkiCYbV9rwGrR03tErhV%2BCl8ohOoqGmaIYD2DCNmtaPkX8x%2FUkdLOHE19p8YMGciLu3iOBag1hV1nEXU8vNKKFJJKM5jyxSKZXdyW7IqMralFGa%2B%2BdvfBXeOhHvbDJxcIVUgsu7RXoRh%2F7iVbTX44quHUy3oYNdtds7StQ9zXx7sBepprqs95pnJi%2FrX1%2FK9loW6q41ozoIwl%2BdUhceiUI3CVl9CtW6TSbnrC4BKgUE%2B0NC04rvMG4d3NcCXKs3U3b8CDg5bJMPycOFpJ%2BDLY8JT1tKeTmZbxcQPdYC54w%7Ctkp%3ABk9SR5CMhevyYA
,,https://www.ebay.com/itm/125121976312?epid=26051517215&hash=item1d21d9d7f8:g:FeEAAOSwy2hh71-X&amdata=enc%3AAQAHAAAA4Dyceff37d2YDdLa8n2AaM%2Fg0LNRZjRR5wa%2BwSVykODDi6cL4PmfMEVYqGewNIu4pHIROJMdNdz1KFA4EQ4QLGy%2FkfgX3P%2BpIBnHu8vbZH4G12EFtq2ksQd23%2Ft6g8g29DsuKkqDEkejQh2A%2FgstlEQm4%2FFcRi56wYdu8qBfyvzRzJFdVviv9NI37fJ8c4pc4m%2B5602nItI74lN43%2B4h%2FMP2oHN1Pycwn%2BtxYm%2F2HrAPwTWSIHTmP%2FyeYBYGs%2FiF2ljQ%2BEpPLGSVzH6DL4TJEYkEWQ%2BsMblfCzKPl%2BmnDR9Q%7Ctkp%3ABk9SR5CMhevyYA
,,https://www.ebay.com/itm/284983620635?epid=22030522571&hash=item425a58f41b:g:XtEAAOSwxxFjI0J8&amdata=enc%3AAQAHAAAAoBYM4fT0C1acKoGn9qu1fHJ%2FejRZWyHzu%2BfkWV8fmNwLgRb1o0V72eU9IYUGgizwepPkbezZ2YCsxLbT2PKsX9UdWlrTmM4ytdl1XQXx3utSKhmeg5i1zL9VNu8lbM2AJcJMALZgX9Fa7zBwtM6hBtt1O1YQpKaFe58ziyneou87OJi9X6Bs0JlCsxBg9YRB5VllM7xTB4ASgAiNYI0USus%3D%7Ctkp%3ABk9SR5CMhevyYA
,"<span class=""s-item__bids s-item__bidCount"">12 bids</span>",https://www.ebay.com/itm/304638332523?epid=22030522571&hash=item46eddc0e6b:g:AYAAAOSwZThjLfC5&amdata=enc%3AAQAHAAAAoDeIjIrWH82lL0x38k8rmIYenvcorFBVA6ll%2F7rskwczat8JeBF%2FbHKW6B7RrJBde7IXXlX45AwCOutb5ljLg9thbh0LDVM%2FdudgaMcQVykjlSJP%2FccstUnKyaIib3Ah6ee97wL1iWIZbuBqBmZRdXueBpH%2BGNjRD8DEPnbdWJp%2BmWqaJVX1%2FmSe46TQiQ975JRlNIOeMsQCyconGqYwwuU%3D%7Ctkp%3ABk9SR5CMhevyYA
,,https://www.ebay.com/itm/284211708979?hash=item422c568433:g:nlQAAOSw3GZgRdm9&amdata=enc%3AAQAHAAAA4DcFNO8XJ67ClkHjGWVBZIf87R731SX4Yqr7B%2Bvhvo11KkanWrkZf29XS5v1y%2BAsq2etjpN1nGJ37cVThpk7AlY%2BAEvyQ3nmC3noDnlTUXbH3XOaBfqfNLu%2FD0YMXPoIjtm93FOnp5nZIh4s9827a%2F%2BapuVT%2FpeZMRXkCRqz3X0kTG57dMpajKS0I6ujxlMkjpyZqRDMamT13gg%2Fz3imuRlw5Qjrr2MELNvHbARUDHg7SaYWfJQ2%2B%2BCaPQhwrW8Bjn72FylhHJd97Q2hu4TVMd5%2FDgylT9DMSBKvfFJ%2FNODW%7Ctkp%3ABk9SR5CMhevyYA
,,https://www.ebay.com/itm/293119869933?epid=22030522571&hash=item443f4e43ed:g:2rsAAOSwfVhfmoH6&amdata=enc%3AAQAHAAAA4LvDCtx3BKou04d7BLnzYEyG0WM%2FAkzQtrYlC7gu%2BMmvIDg3Zpu%2FJJV8mbM49YBwqGKqHz0iBrsyN%2BzlPE%2FNYySnh9QfoVQVJJqsxgcVgibJ9Z%2F7vhAkoun%2BqvC1loHAfJm5cdZosNoCpnngTEBUner0fXCx%2F12sZY66kxRS8clvW587aQR0swXMTe2ILf22Y28p%2Br%2F2a4o0ffmxQVEA0w6ypW0XoNZ%2BE4lnQaF6zMpbMihF2Tov7yTewaDHn0L4QEqnIRLl%2F%2FAGXZSSXPyCT29aPbhcUyFL%2F4xBQkFf1tok%7Ctkp%3ABk9SR5CMhevyYA
,,https://www.ebay.com/itm/144743672542?epid=3048869347&hash=item21b3652ade:g:KXIAAOSwKN5jNi0K&amdata=enc%3AAQAHAAAAoPqkB7tvTEc3pX22YTaEs3W4fb8ffzEr0GyZ2UGqMqY93q9K94QT4qLwqThpzIOHd%2F%2Ba473TtbZE5R1sZE460%2Bt3H0fQJuiPbGHa8KYx0Qb68C%2BCm6X7edGgROlT%2BTDp69e3QGimok5GtvWkS5t3ZZclKuHPWWudKh7%2BoZR9OEaxyamOM4vtR5UkH6qkDSVqMeT8wr3bgM1WnFEcfNxIQnY%3D%7Ctkp%3ABk9SR5CMhevyYA
,,https://www.ebay.com/itm/193875400575?hash=item2d23dfd77f:g:23gAAOSwFJVgGO3L&amdata=enc%3AAQAHAAAA4OGyBaPe5iWWOY0KLSNBvWZxnDcXDg1o4LKfBuKJWsBF15u7ld7yG1kA5CCIA7L%2FGY5Q0ITgDibzW4%2FV%2FTlx2gqN59MM5MCiYgcBjMG84Kg9PS7oUS7EOBPGHrY%2FPxdTUUcy6E9ocHhoOb2DA%2BXME6tJSjyge%2BDRC8eLFrT9MaGKr3DrSmpSO%2BBEVIVpjf0t3SBgFbncCbekV3tjxsfPeOzs3MmNKR%2Bj65VdQeipa1Rn18xchsFLVHe5XsTabsiVkMVzWne78Kv7uVxvqzFEz4VPU%2FJsF4DkuTZKHqTnG6vm%7Ctkp%3ABk9SR5CMhevyYA
,"<span class=""s-item__bids s-item__bidCount"">2 bids</span>",https://www.ebay.com/itm/225175384377?epid=159430633&hash=item346d7fb139:g:HCQAAOSwlddjLcFE&amdata=enc%3AAQAHAAAAoAAYNmG09gssKta%2FAsyuL2%2F72kUMaE7OUUEKHY81a6r634e8mXS2uuTb4o2B506qehEtIPcXQQpxpUaZh3BnxasGf8OQ1FQLrpcs6fpuzMmfBhpW8I9AM6tutpsUCjcDssd79VbnAfG3pYDm4ItqxWU1O7A3lKIEiH5QdJ8sqS6Ky3UcFFI%2F8L7PeNMqLuxQds0qllPQTQQ6xpkWPL3ospA%3D%7Ctkp%3ABk9SR5CMhevyYA
,,https://www.ebay.com/itm/155007221027?hash=item2417267d23:g:Mt0AAOSw63dii6q1&amdata=enc%3AAQAHAAAA4AoGRCDH1jujUpGJxCZKU%2FGWZfbv7TtexSmaUBNsUeAGMkfJ%2FN6dl%2BZBDJY8BtSWXfnUeR%2FCKkgjMXuPiUIU4rGi6kd5I6U%2BbgT1AXYuZCKiwsKn8k%2Bl401mahbIZVC5%2Bso6gwOYn5XyqOKp8AQVanVq08wbdAhw8ajYgdxBmaWItF2CS%2BamKAWbk3m4eObsi%2Bk9swv%2FaXBWfqt2W4Uz5ayPiyHQ%2BjXvivCbMmD43TrxbfIoRzsAntGWS%2B1sw9i8kW1sA9da7SJKS1PCR38BJaKKyMJeNJl7VdmlxJkWUCgU%7Ctkp%3ABk9SR5CMhevyYA
,,https://www.ebay.com/itm/203948237138?epid=19031091268&hash=item2f7c432152:g:nkIAAOSwTdRifTlT&amdata=enc%3AAQAHAAAA4D1I90lW0oKDkMe7yohUPdG2Sci23VM9xq8LyQElyY8FV4QJGE7NMR4hGmd7d3wkcR%2FwPJwTmfDdZO9JEZROS4RJ0DAiPj2sfehuJ0Yv8BS7EJHLXxLHWSz2bO%2BAcQ94wGP3zA9Ll%2FCdg9w1SUZJcnih6aDmCY%2F0b5%2FsDYiH324xCInqvVG%2FlULRDWWER1fSea71gBUtBwHQdWrIYXPhvKV%2F1oUE%2FrXnh0ezgc%2Bu3NvM832%2BXNHDi5I9I%2F8Kx%2BI2zkzEQ4GzKoDmJE60Cmcq6waL9KW%2Bt3Qzbf7niY5X891j%7Ctkp%3ABk9SR5CMhevyYA
,,https://www.ebay.com/itm/123744809902?hash=item1ccfc3f3ae:g:-J4AAOSwmERgWY1N&amdata=enc%3AAQAHAAAA4CensVJFathN58Qwr%2BO2Ss1nRzUyEMjoIGVd4vOWpvlka6ZWd0lA2HK1U9RA6IhrQzl5lMxPnv89d8eVT28CrpVvHslxfVrg1jLEPb2DJhEoZmUhZTdb8qhrqHs%2FbxDGipln2wxJkq%2B9KmplHFQMa1J3lzRAIXL488U8%2FQF2CFny4Y5oVAAmfZhfvcjLrtnAKzzw9YanWgL008bkXhUadYikEarnN8cXNO7PQ4q2iEeiMey%2FxLKbYdNuMUsCWP5%2FrT%2BJ4CHyO0O2MO%2BloWXUwZEOVNRs%2BaHjK%2FGo6a2imB36%7Ctkp%3ABk9SR5CMhevyYA
,,https://www.ebay.com/itm/171550799362?hash=item27f1397602:g:JdsAAOSwhHJbHyZl&amdata=enc%3AAQAHAAAA4F840xe%2BeluG1ux%2BV%2FdVZEYB%2BXEUy06CcGoWqFZjH%2BJ9DPW%2FyEGh10VtVpC2grBw7ypwNVJ%2BW%2Fdyg%2BxK61M9%2B9q3YgGXbnsZyzUclUEXQ%2FTm6qEO%2F6yVE4MN2YK6djYMrG8YsPKn6%2F595U77NopiNpYLExABTdyJntDXESkBUnQf6ioe%2Fu1XIFj31KlR8c%2F5WvQg71Nj1w2HpTCTs%2BIEcEXwQrzB63i%2FePo2HF4LVZzGsXpLd0c0Zik0DRp1LDbT7skaLhBOONjXGnOogFs0N%2FgphQ%2F5Eh%2FaEyHECGd5dNRJ%7Ctkp%3ABk9SR5CMhevyYA
,,https://www.ebay.com/itm/264525880334?hash=item3d96f89c0e:g:VzIAAOSwdkNdxT23&amdata=enc%3AAQAHAAAA4AWtHRySUGUGdACffhEAJ15qXIEgTCUIQSE5LThC75q5%2FCPrQ16B0vzptjsVoqEsJzw4vVrT2C22%2BgirrHQkYUD1OlvzCJy%2BsgQ0TOdPZSd9%2Fid%2BhnZAMIMRg%2FJt2wmhjo8m3PdlrvHUYSQZc5y7QiN7vG6MYzKJ%2FdCYv%2Bvldy6FsE0eg1ieTf%2BIG0dgNi9uY4pVXbeUBDWof%2BAAPCde9Pdi8rwInbRhDDYEYhnoq4PolsdSqSAQTPktSUsHWTEumLgoA5mn%2BaeJkgx%2Bv1DolbLScMxHEsCfkS5Uoe%2F%2BdT2q%7Ctkp%3ABk9SR5CMhevyYA
,,https://www.ebay.com/itm/153205427144?hash=item23abc14bc8:g:DVcAAOSw6bFgn85N&amdata=enc%3AAQAHAAAAoHvZCASpoFMzZNrAYbyTAZNh6qdZYS9iJuRet9rWHuqU6D%2B1SG2coRDZlLhu%2F6uHdzkIr1j68%2BCSnZsdM5J2V8FBn3r0ACnzLv4CkmBYDwjUsfT6mHz0og2inuTLPq4OY9BFa%2FS%2Fy2Y8BXO93QGayFFEQH%2BEly4koB66bu4soF700jfyXgLKCBEhJgQR9dA%2B3prVrjei0fznWcu7NCMC9RM%3D%7Ctkp%3ABk9SR5CMhevyYA
,"<span class=""s-item__bids s-item__bidCount"">1 bid</span>",https://www.ebay.com/itm/275477003600?epid=22030522571&hash=item4023b57d50:g:FVsAAOSwpsRjMkqq&amdata=enc%3AAQAHAAAAoPEajbjs6%2FBEs8evzaFZBE5HZeMojFw0iNTf%2FW9HZIZFLKl%2FCD086X%2F63XGbPJZIY4To7sZFyq1xkjinqrrWSRaDcsZytLZVQhqlxyMote%2BgIPyQqS5L1mnEWuC%2BMYB0dOV5uPVzkM40rMSEWz%2BdMGb%2BY9b0ETYjV7v9Kqewxn%2Ftm0wPLSNMoh3RE%2FCFhmqBBFMSAcsJYeGw0AcVH0ecDDw%3D%7Ctkp%3ABk9SR5CMhevyYA
,,https://www.ebay.com/itm/373776787868?hash=item5706d5299c:g:GbUAAOSwBLZhgE8U&amdata=enc%3AAQAHAAAAoEHWchbp1Cv%2F29KqtirjEgg19pLb4TyE2BDFKM%2Fh648BtDaSErL0di%2FrZ%2FanhQ%2Fu3uHtU5TOyMoLocozu0hAUxKxrB6ZJDu7zSfqlD2%2FzwahKr0OZgPpUUucFty5XYvtNmPAN1%2BS7kzfPCPt3t4Xuzj79hDXazTh7Ym4cs098UNmTAYNzaau%2Bg7T2%2F2iCNJCun8YQyJg%2FetsT84CMMrz3Ho%3D%7Ctkp%3ABk9SR5CMhevyYA
,"<span class=""s-item__bids s-item__bidCount"">24 bids</span>",https://www.ebay.com/itm/234704576167?hash=item36a57b9ea7:g:a10AAOSwh1BjLHiq&amdata=enc%3AAQAHAAAAoO3u2GUO1jYlt71Any%2B4aOqZNeUvHDizGK8YH2FupoaULIelVQZvpuIPS8Ls9NWVZ%2BaKomswiT1bDBHRKUreciTez6QMYtx%2F%2BusCt4fCnoLYeewm7eIDV6VO%2FR2YsW%2BkY00Ph06ppTO4W9j6pGs4N7XPabSDW1YFjXy%2BX4iOxr8RLfHcBLCPfUuYDeWsotdeqMvpqbaTaFsPQJ6AeKjZsMI%3D%7Ctkp%3ABk9SR5CMhevyYA
,,https://www.ebay.com/itm/133485039731?hash=item1f14541073:g:XfcAAOSwdAVfKpeb&amdata=enc%3AAQAHAAAA4BvNjpoMFjwuaHxTb65R0XiaxoNPRJRYvMqvq3bfL4t%2FWd9jIXEPYZ8DAdFd2MPq7K7gWjljGdq9hQNuWTGXPrxXPr7IRBYdx6155O7XY5RFkU2kKzkwyCWyg48TKTk1mK8BtLwKdj%2FTHQt8%2BeIJtZgfseEs53DlpPXTlruCa3caidmx%2F3zNmzxVGUpVTHDs3K9b74enx3NZ4dUTGASf8RbQxGZku5DNfKb6uFHyvYbLHB4Ux6PD0qrPWqR8BnwImxJ6FG2NbjHB%2B4dyIFj%2BbcpjwkNSxnVT44kqXx%2FeYQJ%2B%7Ctkp%3ABk9SR5KMhevyYA
,,https://www.ebay.com/itm/265352304705?hash=item3dc83ad841:g:-H4AAOSwGodhYTf1&amdata=enc%3AAQAHAAAA4KUCuolwLs6ru76QCAYXPWQ5ju3IWBdVzSBfIAk0Lr1B7%2B2y2KLP0LeAN%2ByMdtQCEQ6atSm7sytZkyL1YZGSIW35nudWNp5muzPxXTE7Xfr%2BECygA3qo4DNzIbzcRvzUjT%2FwFbbdM4yj9N%2BSfqX2hy1c5ieeRQ2weJ5fLiIaIevPxCSrxIpvkrSW96JzezPrMeCV5QaDDAptAMc6czEGIiEJKLjy80lfecRxeC6fuD%2BxF1CcerLxUeL4gWYvcD8sWtlmMjV2HVElm9wPzsL5FNCs7r%2FtAHGeVyJgfzHJIWbd%7Ctkp%3ABk9SR5KMhevyYA
,,https://www.ebay.com/itm/203295041881?hash=item2f55542959:g:hJUAAOSwxqBgP7y0&amdata=enc%3AAQAHAAAA4OfdaX91HaarPKZtldRaHSeYb%2FFUE1gi3JJLkppycnH3soO5RxoNXg0WRJJGI5FUO%2BYPPxymmSKy%2F08K2vSWRH0fzges2sIasDm6yY44Wp1BumzuZtUoTR9KNZZ4pQuczoY8VwV58N9kWjQcHk4WPRS2sknp1NwOZEGlIzrjXv5v9wBbYz9I5J3fnXtI7INGqfQqIbbhMP%2BGIrnR68b2qOxp8dj7L1YOqXq9Us%2FHp1cPjxMuPj7XqhsCSRv0avt7Qj%2BAvpLHI03t4o2O%2FZEa4uQraL6qKZcVhzjqf7%2BUvBZr%7Ctkp%3ABk9SR5KMhevyYA
,,https://www.ebay.com/itm/164252854663?epid=25019515449&hash=item263e3ba987:g:Lw0AAOSw39Be7Mrh&amdata=enc%3AAQAHAAAAoIMESBa37xq73PBBtNPMGVnyk59w%2FrV5WrqFXRlTnOeNKx6qJu7tqpTvyoCG8Z2wkhhc4oTY8egBHvtMdni6hEkxE2Oak0ckJ4INdJ9CtIq57%2BRJfieRO8OcMNWVa07jOklK0Y%2F%2Fzij5n354f0KHb8eYoQcLC3hYWt4SpU9KM5zfxL4dYmXSadtrKnO1C8yQPXnvWPmJEcqJCRW5TzcbdPw%3D%7Ctkp%3ABk9SR5KMhevyYA
,,https://www.ebay.com/itm/324823120829?epid=26036282580&hash=item4ba0f77bbd:g:jPQAAOSwMRJcjVSX&amdata=enc%3AAQAHAAAA4BYbU2tcqRMFyUryULMaV9vQb8Eu9WKOgO3vS5CKWyyynSr0QTypU7%2Bi42mbD30x340YNMMKXigfaPmO1m5MhmwovZBtTHfPNTRB5C4XXEQFmzeuebz3JN8bBr0lD58Eqc3gZMfr0G7mWrh6Lv43tYRMNvD8PgrxG5I9HR%2Bk9il9YPV9Ew14U7cXuGZSc6grTyZlgj%2BRHe0NubR1CnDKUoM8cUOFOLP772e7iigz%2BpBhswsVeFSqaDefP3za9I%2Btjre%2Fq4nuMtGkWSon2LTp8cU5uPsrIq%2BHHgUFaGwlbnN%2F%7Ctkp%3ABk9SR5KMhevyYA
,,https://www.ebay.com/itm/155180261644?epid=3048869347&hash=item242176e10c:g:JNAAAOSwVS1jMlGh&amdata=enc%3AAQAHAAAAoJP6bVaFpVzEoOD4Dp5jS9wHQZsEkL%2ByVsPkH7rMMn6rtU1EOiskhKnO%2FDSwCd0veUKqoQjCIjOyojpUe59K7SQG%2FvbQneunlNsC%2BP%2FDlL1YBWHdBDOH5cJEjFuGrI0EijKBjHrzfH1P7BhUIJL0fwWB7CNV%2Fy8QU1YdM4Iasm4K82eQ1jN41aSHQXheG6cLxXHaNFjESzv0tUIaM4aUgtg%3D%7Ctkp%3ABk9SR5KMhevyYA
,,https://www.ebay.com/itm/144188756606?hash=item219251d27e:g:TRsAAOSwgolhNky5&amdata=enc%3AAQAHAAAA4BnxkjMEqgj6NGOXPzQ2zSDJwH1Vd1IHnelGTzpfZR0KFpO3C3fvS9dMto165r04FeUXcSmMvDrfsygjee%2F%2BZqkEFSVwcpnXG6v3hlJDAiDvSTdKTcIBQh3Kf%2FP7%2Bl7F%2FBEVqfJaqZH2JSdjBLdX0mZT%2FlZREDe92xCI8jjId1lm2DA0BVNZ77lPK%2BoDZznjqi%2BDeFoaLBLmHUudY%2BC57cKXOm8Q0zDsigzHUdYeZUNImjDD200F7TthcsbFfM2rPrrYBfRekIG7OAgVRoS23gPxf8q%2BcAqai5NgEoIWJUpR%7Ctkp%3ABk9SR5KMhevyYA
,,https://www.ebay.com/itm/294688151719?hash=item449cc858a7:g:fU4AAOSwmudZ7WJf&amdata=enc%3AAQAHAAAA4DpVWy7pl6pR9Bdb8eu55A9JANJU7xlXjUGQSDGhYlJcgKpEIjSIJVqf4tSrOm%2BvmjkyBRhImJqaie54oFm4fpTiVbZqffbXn8k6wTXjE1pvi6TTMgM3DrDxaRu%2Bz8O3BdHobfQln%2FG8%2BDARE2xE%2FMK5J5flg39z6IfLEsI6YYu2DXN0Y%2Bz1zpKMHTDLBeLVLJDD9N1wmDrJLzgDLQhL4ptbkcy%2FKdG2%2BrGZ%2BzjctkDS%2FMZLAvZDMSATUC6vnQo5N2AxDc0LG5Mom37m5upCQdXPPYaPuEjXuukACNYOyjq4%7Ctkp%3ABk9SR5KMhevyYA
,,https://www.ebay.com/itm/291636578484?epid=2254457846&hash=item43e6e508b4:g:5AcAAOSwa6JftnS5&amdata=enc%3AAQAHAAAAoCYXEbcV%2FS2Ohd6A8%2BTSFAAkBsF6WxvC3g4wNNHCNhG%2F3Gre%2FsZtMNGR%2BgcHgv3pgDCxi2hnXeHtb8z0%2F6VuWuihe4QtcaFna3g7K%2BQ2ne3TMU2O9CAPnkGvBSpHZFga%2FgoefEH9nI%2BStbOLV6Fss5Qa%2FEzS7CvxX5zTwwrCWmLlNDFBykV5DpAULO4IcH8Ng9tkFNV7tjbsg3g%2BGEOwvEI%3D%7Ctkp%3ABk9SR5KMhevyYA
,,https://www.ebay.com/itm/354303779470?epid=22030522571&hash=item527e26a28e:g:LUEAAOSw35VjNNP4&amdata=enc%3AAQAHAAAAoJ%2BpWB9Fg1aYR2N5LHn7z%2FvOQkTrjIsp32QAOffLvG2myClwWrsWxM7N0O4uMkrDblhVK2yhAJZAX%2FqODLbfCPaQXh5rBV%2BlV4O0memUD99I%2BCDn8sG46NcVW9xNPCIt7sy3v%2Bl3voQUfNX0uW3PnrkJg%2Bi1xxMNjWA8pN4G301zaVvAax3ORidW9pTFYk6c0Ieaw4NRKOb0MIosjSP19uE%3D%7Ctkp%3ABk9SR5KMhevyYA
,"<span class=""s-item__bids s-item__bidCount"">78 bids</span>",https://www.ebay.com/itm/134244551439?epid=19031091268&hash=item1f41994b0f:g:88YAAOSwgnZjK7af&amdata=enc%3AAQAHAAAAoGfG%2FTkfTYp5XZvfFlAyDRtlyvYidB2if6FNAv2V5i%2BiDsrbFflH4o0lMYE2kT2y%2B9mv67aqYFBI9l3gzZGAcABGasyH1rl7yLwIpyi6fSbIpEd0Gi758LZIwrcnUP6bC0eBVv3zp6rOvXG4WgMKbs2%2Bepo37xMW735SmKuQAAR584If7%2B6gC1FRGZWvpEHNWEhRrI0g6UIFBEUHoE%2BH%2BB4%3D%7Ctkp%3ABk9SR5KMhevyYA
,,https://www.ebay.com/itm/255605294843?hash=item3b834346fb:g:gd0AAOSwiEpiu5qj&amdata=enc%3AAQAHAAAA4JkpG3BiCSm1gh%2FunISmFBaBbvNZklrnk68wrk3HURvaNs2DZEuYMzR9sqaB2RQkCLgxs84i7njJnbm4Tg5YKz%2Fesbi2qAaW2IY6f%2By1THQ0Iv26aU5126K40MC62c9%2F3uj6%2F3K4%2BQxsGpDCUhKXEjBi3yahylcACx20%2FjGdOMwT5sO1QgXpWUjfwFYF3nYlV04v4wskAu4joA%2FC319Z7EAi5EtgYU4tRGf1BNCL0q0SgZOoJL%2BpR009xCjyligTS3VlgRV2lVFIkLgcLDYd6wViteKzZQwkF7q%2BTAwKQtK%2F%7Ctkp%3ABk9SR5KMhevyYA
,,https://www.ebay.com/itm/115160099991?hash=item1ad013ac97:g:B5UAAOSwkYVhyog4&amdata=enc%3AAQAHAAAA4AqZAKL2I5rCK4FLPMGRz0S3hs0tn3Gr3m8YaKpE11sCYAPHnMGpTABisp7eQ58WSgl3F4E4NaFzV3nKKaK9vkw%2F8BBGjP8fu2MQqFcJNpTNKMKGF4fxrj8Ox0%2Bg5d2HI9t20PSQ21dx4XA1m03XNSenhAvaHfDLtlZ2OOcXzzqyG42TYn4KaLyzJ%2FHceUaQJLyyRRtrocCxz1NBTzZ2guJQ17WzQ%2B%2BISC2JRwwGnesZVLXRz8xa90KYe1%2FXZSPaNpxUE53dZvTKwSEhsN1R46T8g0KAyBZCxL3ansBK4uRd%7Ctkp%3ABk9SR5KMhevyYA
,,https://www.ebay.com/itm/294292472760?hash=item448532c3b8:g:zvkAAOSwmcBg9qJG&amdata=enc%3AAQAHAAAA4G3IC%2Fho9P4CIFr2PyEhRHflrfIN51fBeNf4G622t%2B9G9JjOk70IEtoBiKv6Q5gcu0EVAGVVpEl49fkv6h4w05IVWuqNOWTzgx6HfCRR21MrBAaEf%2BO4d91M%2FcIQQ%2F5AlFNSPhqUythQZk%2FsOr%2BGTjcrAYD5W9z3Fyla%2F3Lj%2F%2FF1SL9WZvkZisPkcbgaJkdZKQ7Focm2LwHTCGmLo530gLh9P3me5%2FKI8v73AnF%2F0duemVkKkemWvRlnHaOkvyCiNh5nzKBXfQj81CPRPMKu6u61gdRu1JnJ1OP5Y788%2B3pi%7Ctkp%3ABk9SR5KMhevyYA
,,https://www.ebay.com/itm/195344501129?epid=19031091268&hash=item2d7b708989:g:17UAAOSw8zlieabG&amdata=enc%3AAQAHAAAAoIVxmfJwtu7oCOU1olHsAdlKQ4MtL13NBw7sedQwihUi9mpU1y29l85DdkRIsToitXlm814AuhFFTOeii6FgLXQyVar0XohZ8cJJfmF1saF5hzi7JBvL4zUdenDRqYDUTtzwVQjTa6SEPokCUod0bBnx1tzIGAdQm0ze5599uwMw3jZP5J7zPDind6ai3KKp8ZfSTPm74dHX26uZdzSjRwI%3D%7Ctkp%3ABk9SR5KMhevyYA
,,https://www.ebay.com/itm/331072555185?epid=1229119681&hash=item4d157648b1:g:3IMAAOSwkZhWThXq&amdata=enc%3AAQAHAAAA4OcfOc0xvYKhq3e1i5u2ELTRF%2BG3KQe5XDYOkxeUnp%2B7ec5OrHshbag794jhHs55ERKnVDOSBW6%2BaQ%2BFdRCI%2B1zMVfAvfbNXUx7F5%2FCzF7jNv7JnEZLZ%2B67zTXatbY8xtwmrUuVpB%2B5bnL%2FkvIEXQ31M5VqaKts%2BmadKixne21INVH8vxHRceUQL7pU1KHAOR32yd6njH0lgrPpTJg4JolBkjtdh7fdPo6Rg4VAbxVCLaSzWsY2XZjGkVX10541O7z1unNfPRAcT%2B%2FZxIvMkTfjOZiQNnf%2BJS%2FT%2FjwPPgQ8S%7Ctkp%3ABk9SR5KMhevyYA
,,https://www.ebay.com/itm/254238317770?hash=item3b31c8dcca:g:vfsAAOSwg3taoh2V&amdata=enc%3AAQAHAAAAoNa57P0rpSW24L6keW1QDCw6fJbNKJzLYdvR8%2BTPEtwwc08gR2rpczqhhq6sX9BzmhYnxjH8nN%2FnWomFpFwVpRjVFhG%2BXSglARji6LPcEyu%2BOH0mBrtJFim%2BWNUsUOIFBbIskEMSU%2BdGZ0EchVmHMvYXBWSqce67w%2B8uTEJl9%2FUKhYrk2n4ycrNfI8zSj%2BlvPvq7FSKDof9%2BQOPw6VXIz6I%3D%7Ctkp%3ABk9SR5KMhevyYA
,"<span class=""s-item__bids s-item__bidCount"">9 bids</span>",https://www.ebay.com/itm/204098922095?hash=item2f853e666f:g:nnAAAOSwj~xjK1tU&amdata=enc%3AAQAHAAAAoOvCcpY0WzBbdk6GuGrAjnd6BLVTGPkxiUKieEhK%2Fq7uGEKFamHiLQueNWmaTnXl6Iq6rkB1ImdaLY1DdEbaIzpygzVUgIjbhcraKU6pIxMn%2BQEiRoDNENWK9rbnl2sfmqcCMn8tlWlEEF9%2Ba1ia23%2FQb7DjuNip9FkoxvtSpIl%2F9Fw7930mGwUrzeUZHnFIN%2FsgY9fEV8rUmvI%2FualPro8%3D%7Ctkp%3ABk9SR5KMhevyYA
,,https://www.ebay.com/itm/223931495453?hash=item34235b741d:g:YaQAAOSwH5NeWjjO&amdata=enc%3AAQAHAAAAoJUV%2Bt4GVa%2Fxz7C4v4d3kZrdMHaMvYuEG06OHvGN0p1HoKadVkgvHAOeXtMX2iGaCMnXrBOcZw8zjrGotP%2BKVhmcHeBftJmkuz%2FdHChlNfFj2HIpSfIi0%2B8hL8RYcePIXDikNdeeHfCbe4cFIvjhshoQ%2BE5HVVZ9Vhfn1CUG8z9pMn1Eopes09RLbY%2BRN1iRYQTLRwUUaqLUEThrmQE%2BDhU%3D%7Ctkp%3ABk9SR5KMhevyYA
,,https://www.ebay.com/itm/164624510866?hash=item265462af92:g:MGEAAOSwIqlf8tHK&amdata=enc%3AAQAHAAAAoHjjzkI9cFLndXbxW%2FT0GswKIoP9E5ZobSO5%2B8KDX6uT6Pk83PQXhXYWdratJ4pIP5dltMuS4t2RWgzIR68Vza5kfy1iBQr5%2F3gMDzwd4jMgprL42gb4et9qeOHAuP%2FqiuOXaj53nWiwxInlQx%2ByIsIX9nX88%2Fk6gBRupTQBZtR01VS17aviig6qcIMRnN%2FjFJ2uMJMgKBTNMk2NTmqmJjM%3D%7Ctkp%3ABk9SR5SMhevyYA
,,https://www.ebay.com/itm/185346863881?hash=item2b2788b309:g:v2wAAOSwpDJhm2Cl&amdata=enc%3AAQAHAAAAoEqoCsDdqdi9cjZgQtKq%2BJA%2BoerQWHUYpYC68HErDnEKy0EAGPFrfZx6Pg3FVxgkZIIbgRKe9emwuZB%2BwywixdcoPaipJOZX5Vuxo6Wa7nnh3ysv1cDKmh4UwqGTjjAlX9amoGMOWCh4Rxc0J0S%2FsTPlt1wIMJQlqqxnuEEHxuVKozwtptl%2B5sIxTosLyDkcof01QTipB4bb1TeeiypfPPA%3D%7Ctkp%3ABk9SR5SMhevyYA
,,https://www.ebay.com/itm/173691969697?hash=item2870d920a1:g:N3oAAOSwT9hcdO0I&amdata=enc%3AAQAHAAAA4I%2BQ0z%2FhaRd4uaJkjUqA%2BBATI9NGfHreoQwOWw6C8TgOjh6o6S0tsu%2B%2BFVGNDM2me7D0AuuBoDMzMHwNOy0JbQhfQu0wcRRsEhoYtf5pmhjJW4%2BfOhVO8zJgYSxvsv7%2B39%2BenVwsbLNThgz9m6PkFg8eqhZdSqaVGdmAJ9w4PE7XxbBGZuQVVJ%2B40bmo2eNSFbq%2BbnqUDG1gGeVigz5xeoBXp0cZVrtNwiC0W6HOP0UMauEK1BtuQtPEFIXu98W8LsRtXauhCBGU5%2BwxsTXgdxuuAAURwdBntibvx6jXEJ5h%7Ctkp%3ABk9SR5SMhevyYA
,,https://www.ebay.com/itm/115536383992?hash=item1ae6814ff8:g:IFEAAOSwnHhjLdQP&amdata=enc%3AAQAHAAAAoAg1Ng5UBdkPIUW3SxUG0gtsAXw5in7mSJNI6y%2BBQSlsSSfs%2FzA2po%2FcsynFssaF4vA3ssl8tGnTCptQGzalG5q%2F3kzwUTw7MTQNUbKq8ZsDH%2F%2BV0ypGxSSDxVT4Z7Qghxt556UVJcRCi5yejiosjfmX%2BeDfDK3bx2IvkybJkbRp8i7w7%2FLG0ejso94eFr7YgnzHv38%2FlGcfWZrLL8719Ss%3D%7Ctkp%3ABk9SR5SMhevyYA
,,https://www.ebay.com/itm/204050604708?hash=item2f825d22a4:g:KrAAAOSwHfBi4BEu&amdata=enc%3AAQAHAAAA4FD2Cm5gmnVSYWApfONZTeMq1BDMABr6kGOxXo5%2FSEbXsExzAj0lZEZeXZpaPt%2F5uIAlzIVFxxuHURsp%2FcxRGTyrNeTBsTBNN%2BF3HZYVhPPepui8kaiZzuID7ABJV18Nr5dq76yIj%2FH05uaG%2B%2BKXySqhthAlC%2F0sE5h4eEuLrF2BFVmmS2wNlrY8cJI97bWzw3noPJvM3X5bBwhozwKcSan6jnyGe9JfwTLV87jOhjiO5BegBcr%2FRI0q6edeWVJzDHP6Sbi2yZUDdrg%2FXHlFHDwEgOC%2FWxoGIJVmrNHJ702g%7Ctkp%3ABk9SR5SMhevyYA
,,https://www.ebay.com/itm/183950542973?hash=item2ad44e887d:g:JCgAAOSwwp9deTHI&amdata=enc%3AAQAHAAAAoLvMmne14JTEbpuQw4%2B8dm2yslzDZ949WJCDgJdV3VmXqJHhuG4e7PqwFWifYcBF0yIXMV%2Bh1Te7s6ncngYUYj5wAjlyHSKS4HgJTmfrrfRHUZlQc8m3jP0fozW9sbtcR8cuTbLe9wBSM6DIlXd0Fdxx1MXfa5GCHP%2FhrbQeLrDGtW4OLB%2FutrR5Udv360r4Wbd0M7A%2Bf7wRViBz6tNfLjA%3D%7Ctkp%3ABk9SR5SMhevyYA
,,https://www.ebay.com/itm/184749254663?hash=item2b03e9e807:g:H-EAAOSwaAdfpQ~i&amdata=enc%3AAQAHAAAA4DfEQ56xAoaMPnuTV0hnS%2BMB1O1CWhwWTHbSJ3dWHYEg4A%2BveqRb%2BVxXDGO%2BKD8KNZ55ywmOOH1b%2FOTvZbnLiqpl2gGxj2DU%2FtcWmKV16Csi3iMyWE4rUL7AekKVMaqjmBiWeRL2YdE24WVHOr6uX%2Blci%2FkfmVpjTdhcPg7A6OArl0pMJ%2FbwwobW5wKFlgZB6anNj6uWTKQ3lH1r1LNhQ0cNN3DFWaY7GLGI8Rz4DKRxrgKjDvqCxxkkaajwgsGyD%2BpUB6Cjc2nYcQ3o8Y4Ns4e0QnHmww9WEyTSU0r2WYRP%7Ctkp%3ABk9SR5SMhevyYA
,"<span class=""s-item__bids s-item__bidCount"">1 bid</span>",https://www.ebay.com/itm/234702752140?hash=item36a55fc98c:g:bhEAAOSw36xjKjpm&amdata=enc%3AAQAHAAAAoCphOubzDqRkz%2FDANAGyWTUbweuhFHDS3m1XSvjfQsPTteyMGHIZNu8YJQWb%2Br8PK9s9%2BQ76Z7WOTP7JMx%2BeNO4lXu4YBLLEAXvhqWeCuzQ1L2erjQ9xh%2B%2B679StrMXjJK2UN7M4QkTKyDlwh%2FjER7pPPIqMMewd%2B2hNR0y%2BEDn3UMvd8S7kcyKbv3PgKlFvfzuqeQmosSn6PUmjmQNxMAM%3D%7Ctkp%3ABk9SR5SMhevyYA
,,https://www.ebay.com/itm/254838619625?hash=item3b5590bde9:g:TysAAOSwgkVgBoZ1&amdata=enc%3AAQAHAAAA4JY0uptZNI2Xzapj22XOLAlDRH4y4jEm4leq2gyRLB4kfJHR9OxC8OlCAMVvqiX67d8N%2Bw6QjW7DhB%2BXT0rCTvzGdcAuUc%2FqbBY6TEzCQAVSsJt0%2Br1ZeMVxnFFRVno3LH0xWLOTyPStzXFr%2FIC9v%2BhFCnfdW5gCBMg5ku1FymWQksQPvz38O3Q3VNYjzS2u5pldDAmfa3PrnsHhu1L%2FtY5qyVfv22B%2FKq7LMSK8%2FvGLGxbziecoIRlqaisApKQ72NHDKyS5CkpQ%2B2D%2Bjjv9xvb35OrXO%2B3JN2cI1oh6HTLJ%7Ctkp%3ABk9SR5SMhevyYA
,,https://www.ebay.com/itm/183916540391?hash=item2ad247b1e7:g:97EAAOSw3ZhdS6Yc&amdata=enc%3AAQAHAAAAoAaK4lHhw52TB2E8m1NKTuqotzhwgUAClIGWJZgSv3iSSGMpNfNH3ihyQjarUqjwjYhAAmi%2BBccqxWrIgoPFQBM51WRSISxob%2BVhG%2FBEv28%2B8s2YdpEKvFlrqVZMEClfrnFBqmJbhJWNApwf2xPAablnTB%2FvBhLd4DFcFPTDq4R9KzuPjVX76OmIQs7HI0nEtbARL1Af6oquDZrw2EuHfQM%3D%7Ctkp%3ABk9SR5SMhevyYA
,,https://www.ebay.com/itm/354297118157?epid=22030522571&hash=item527dc0fdcd:g:L~AAAOSwVjdjL68z&amdata=enc%3AAQAHAAAAoKpDwd1Ghpmy%2FINYevZs02gUKvLzV14cfMmVM3VfJSswIq5EIW40MzKRz0h9NTPzYfuX7DJG8tKORuaOrczcNZPkzrXMVTANZECn9VR%2F0u7p5d%2BvvDFzke9QLRlCchvlOLV4%2B3ZxiBU9D8DPIqDpXQAtTuREyh4dCFa1MNMj8yPybdScoowm8RbunXsYuz%2F5pv%2BkDUFiRQrEK6BaWFWfYMw%3D%7Ctkp%3ABk9SR5SMhevyYA
,,https://www.ebay.com/itm/385137116273?epid=14033921411&hash=item59abf60471:g:TiIAAOSwP4FjMgVg&amdata=enc%3AAQAHAAAAoKPVyf5riPFhDf2pgLy%2BVKK4eMPBAB6cKPVCJC5LZ30tMC2tuJLG0GCizuhkEjH43Q9edkum4jn5hVKDbdC1jqpTZxTCIMsDb2%2BRFQsN8KNh%2FYko5hDIIZ0AWYQjc4oGLcSyvozg1JLifGtCYkfjnljrBSKKHmMUNGcmBzcdIT%2FB%2FNimXXQhnwnMHEXrZ%2FuvcbJUkMxBwiFw86JFw1nMbFk%3D%7Ctkp%3ABk9SR5SMhevyYA
,,https://www.ebay.com/itm/264635021061?hash=item3d9d79f705:g:gooAAOSwf05eR3cZ&amdata=enc%3AAQAHAAAA4JKwOA9nZkU%2B9Ec8dFkvjsPNP35noaGH%2BEH6k1yqjKJrm9g41cDL9Ie9M08qHRVuxY%2FWsBlWXMi6aHAWRaWeQc57YfXeegKAwc7WCHj%2BLuLAniIrvkMjfJeB4iUP1DJg0%2BXBUy0bbdY%2FgjFdJtraib6lcNvhr3ptCiUgkLJ9SbVgRWnXmEs1EvstPyG%2BR36R5kINDg0ZIRvyoZvlExB%2BWT5ghTofDVBIpJMNZIcxKrbVaZJjxhiSCwJJ1mkt9Cmvg5Wu4yxoOP1KTqsEFfSydu2qGFCAc%2B%2B3qQ47jgt5SY7A%7Ctkp%3ABk9SR5SMhevyYA
,"<span class=""s-item__bids s-item__bidCount"">19 bids</span>",https://www.ebay.com/itm/165685253849?epid=22030522571&hash=item26939c56d9:g:c00AAOSwh3ljHoGJ&amdata=enc%3AAQAHAAAAoL%2FLi6hll9y8sWWv6j0mPBkHEJXAgwS%2F1BtrpsAJRdIgou%2BF8A5zzIf1gR7%2F1pbNtUA4bpTZQpmqx1TtRk9AlWG0NrPWcT%2FFPDS2Y3VQnw0vW4PzD8DJlLrnKCwCh3TjE8hdwbW9d%2Fz%2BBoNFEQE7%2FYDuO860XEol5dAfOcWu4iTR6GrR8XsuEiWlMdUAUAJMTA1q4qN0G%2FuurCtMsKOgUBE%3D%7Ctkp%3ABk9SR5SMhevyYA
,,https://www.ebay.com/itm/194715149254?epid=28044704749&hash=item2d55ed63c6:g:QZcAAOSwWilh2IeM&amdata=enc%3AAQAHAAAA4B56Xzq%2FFAj2iw5SJpDFd%2BG%2BDmWxg2Rh7lYUER%2FVvTStjLBbfSfclGWE%2Bqcui%2FZx0IfkavFuFPq8UmEjkI1dDs2zUpOjf%2FFoe9ZlfUaK%2BLG8bikFtLvpBERkJfQkU%2FJ%2BROpsjSfnRagMwxY0Hk84JTUM3LL%2BO7C0vzo6TK9y4RdnaRjcYQerSwA5qjD8yoPb40nU09p2IjZB%2FmxQujSH7ik%2Fs1V8FenwyA7khPw5wqTCEhrKuf1uwjefCw1%2FAFjKUjEEhKIxFccefQ7Xh0BhI0GFF0N2poEELDBfGABpYg0U%7Ctkp%3ABk9SR5SMhevyYA
